{"cameraMode":{"drawMode":0,"name":"Shaded","section":"Shading Mode"},"sceneLighting":false,"audioPlay":false,"sceneViewState":{"m_AlwaysRefresh":false,"showFog":true,"showSkybox":false,"showFlares":true,"showImageEffects":true,"showParticleSystems":true,"showVisualEffectGraphs":true,"m_FxEnabled":true},"in2DMode":false,"pivot":{"x":0.0000027418136596679689,"y":0.8045050501823425,"z":-0.00047662854194641113},"rotation":{"x":-0.2674352824687958,"y":0.5874907374382019,"z":-0.21432413160800935,"w":-0.7330762147903442},"size":0.8870679140090942,"orthographic":false}