{"cameraMode":{"drawMode":0,"name":"Shaded","section":"Shading Mode"},"sceneLighting":false,"audioPlay":false,"sceneViewState":{"m_AlwaysRefresh":false,"showFog":true,"showSkybox":false,"showFlares":true,"showImageEffects":true,"showParticleSystems":true,"showVisualEffectGraphs":true,"m_FxEnabled":true},"in2DMode":false,"pivot":{"x":-0.00003695487976074219,"y":-0.054799292236566547,"z":-0.00026106834411621094},"rotation":{"x":-0.10426278412342072,"y":-0.8957234025001526,"z":0.3083098232746124,"w":-0.30291154980659487},"size":2.959120035171509,"orthographic":false}